patient_id,sex,age_years,visit_date,condition,systolic_bp_mmHg,diastolic_bp_mmHg,heart_rate_bpm,hba1c_percent,smoker,state
P001,F,28.0,2026-08-01,Hypertension,128.0,82.0,72.0,5.4,No,Maharashtra
P002,M,45.0,2026-08-01,Type 2 Diabetes,142.0,88.0,84.0,7.2,Yes,Maharashtra
P003,F,34.0,2026-08-02,Asthma,118.0,76.0,78.0,5.9,No,Gujarat
P004,M,52.0,2026-08-02,Hypertension,151.0,94.0,91.0,6.1,Yes,Karnataka
P005,F,41.0,2026-08-03,Hypothyroidism,126.0,80.0,75.0,5.7,No,Goa
P006,M,63.0,2026-08-03,Type 2 Diabetes,165.0,96.0,88.0,8.1,Yes,Maharashtra
P007,F,29.0,2026-08-04,Migraine,112.0,74.0,70.0,5.3,No,Gujarat
P008,M,37.0,2026-08-04,Asthma,121.0,79.0,82.0,5.6,No,Maharashtra
P009,F,56.0,2026-08-05,Hypertension,147.0,90.0,86.0,6.5,Yes,Karnataka
P010,M,48.0,2026-08-05,Type 2 Diabetes,139.0,87.0,79.0,7.0,No,Goa
P011,F,39.0,2026-08-06,Hypothyroidism,124.0,81.0,74.0,5.8,No,Maharashtra
P012,M,31.0,2026-08-06,Migraine,116.0,77.0,76.0,5.5,No,Gujarat
P013,F,67.0,2026-08-07,Hypertension,158.0,98.0,94.0,6.8,Yes,Maharashtra
P014,M,43.0,2026-08-07,Type 2 Diabetes,146.0,92.0,87.0,7.5,Yes,Karnataka
P015,F,25.0,2026-08-08,Asthma,110.0,72.0,68.0,5.1,No,Goa
P016,M,59.0,2026-08-08,Hypertension,153.0,91.0,89.0,6.4,Yes,Maharashtra
P017,F,36.0,2026-08-09,Migraine,119.0,78.0,73.0,5.6,No,Gujarat
P018,M,50.0,2026-08-09,Hypothyroidism,129.0,83.0,77.0,6.0,No,Karnataka
P019,F,44.0,2026-08-10,Type 2 Diabetes,155.0,93.0,90.0,7.8,Yes,Maharashtra
P020,M,33.0,2026-08-10,Asthma,117.0,75.0,80.0,5.4,No,Goa
P021,F,,2026-08-11,Hypertension,132.0,84.0,78.0,6.2,No,Maharashtra
P022,M,47.0,2026-08-11,Type 2 Diabetes,145.0,89.0,85.0,7.1,Yes,Gujarat
P023,F,38.0,2026-08-12,Asthma,119.0,76.0,76.0,5.5,No,Maharashtra
P024,M,54.0,2026-08-12,Hypertension,201.0,110.0,92.0,6.9,Yes,Karnataka
P025,F,,2026-08-13,Migraine,114.0,73.0,71.0,5.2,No,Goa
P026,M,42.0,2026-08-13,Type 2 Diabetes,141.0,86.0,83.0,,Yes,Maharashtra
P027,F,30.0,2026-08-14,Asthma,116.0,74.0,69.0,5.4,No,
P028,M,61.0,2026-08-14,Hypertension,149.0,95.0,90.0,6.7,,Gujarat
P029,F,40.0,2026-08-15,,123.0,79.0,75.0,5.8,No,Maharashtra
